,0
0,https://www.yelp.co.uk/search?find_desc=Bars&find_loc=Amsterdam&start=10
1,https://www.yelp.co.uk/search?find_desc=Bars&find_loc=Amsterdam&start=20
2,https://www.yelp.co.uk/search?find_desc=Bars&find_loc=Amsterdam&start=30
3,https://www.yelp.co.uk/search?find_desc=Bars&find_loc=Amsterdam&start=40
4,https://www.yelp.co.uk/search?find_desc=Bars&find_loc=Amsterdam&start=50
5,https://www.yelp.co.uk/search?find_desc=Bars&find_loc=Amsterdam&start=60
6,https://www.yelp.co.uk/search?find_desc=Bars&find_loc=Amsterdam&start=70
7,https://www.yelp.co.uk/search?find_desc=Bars&find_loc=Amsterdam&start=80
8,https://www.yelp.co.uk/search?find_desc=Bars&amp;find_loc=Amsterdam&amp;start=90
9,https://www.yelp.co.uk/search?find_desc=Bars&amp;find_loc=Amsterdam&amp;start=100
10,https://www.yelp.co.uk/search?find_desc=Bars&amp;find_loc=Amsterdam&amp;start=110
11,https://www.yelp.co.uk/search?find_desc=Bars&amp;find_loc=Amsterdam&amp;start=120
12,https://www.yelp.co.uk/search?find_desc=Bars&amp;find_loc=Amsterdam&amp;start=130
13,https://www.yelp.co.uk/search?find_desc=Bars&amp;find_loc=Amsterdam&amp;start=140
14,https://www.yelp.co.uk/search?find_desc=Bars&amp;find_loc=Amsterdam&amp;start=150
15,https://www.yelp.co.uk/search?find_desc=Bars&amp;find_loc=Amsterdam&amp;start=160
16,https://www.yelp.co.uk/search?find_desc=Bars&amp;find_loc=Amsterdam&amp;start=170
17,https://www.yelp.co.uk/search?find_desc=Bars&amp;find_loc=Amsterdam&amp;start=180
18,https://www.yelp.co.uk/search?find_desc=Bars&amp;find_loc=Amsterdam&amp;start=190
19,https://www.yelp.co.uk/search?find_desc=Bars&amp;find_loc=Amsterdam&amp;start=200
20,https://www.yelp.co.uk/search?find_desc=Bars&amp;find_loc=Amsterdam&amp;start=210
21,https://www.yelp.co.uk/search?find_desc=Bars&amp;find_loc=Amsterdam&amp;start=220
22,https://www.yelp.co.uk/search?find_desc=Bars&amp;find_loc=Amsterdam&amp;start=230
